{"accuracy": [0.06514941900968552, 0.08259778469800949, 0.09529203176498413, 0.10141310095787048, 0.10691756755113602, 0.11150482296943665, 0.11538907885551453, 0.1183762326836586, 0.12171371281147003, 0.12510918080806732], "loss": [7.3549418449401855, 6.890944480895996, 6.67537260055542, 6.514291286468506, 6.377761363983154, 6.253122806549072, 6.135349273681641, 6.022996425628662, 5.9167866706848145, 5.813132286071777]}